round,center,acc,prec0,rec0,auroc,auprc,f1macro
0,264,0.94554454,nan,0.0,0.8510233222275108,0.3288791271318161,0.4860050890585242
0,264,0.94554454,nan,0.0,0.8510233222275108,0.3288791271318161,0.4860050890585242
0,420,0.89115644,nan,0.0,0.9522900763358779,0.7747679190019372,0.4712230215827338
0,443,0.919708,nan,0.0,0.9098124098124099,0.5096344709280196,0.4790874524714829
0,458,0.875,nan,0.0,0.7645089285714285,0.3219815926259263,0.4666666666666667
0,338,0.928,nan,0.0,0.8754789272030651,0.39851334249297315,0.48132780082987553
0,252,0.8796296,nan,0.0,0.7489878542510121,0.3891281650119942,0.46798029556650245
0,122,0.9150943,nan,0.0,0.9942726231386025,0.9512701804368471,0.47783251231527096
0,300,0.9326923,nan,0.0,0.7172312223858616,0.3094263172296068,0.48258706467661694
0,188,0.9019608,nan,0.0,0.7760869565217392,0.5439902659427853,0.4742268041237113
0,73,0.99019605,nan,0.0,0.9702970297029703,0.125,0.4975369458128079
1,264,0.94554454,nan,0.0,0.863398381722989,0.3362587266865671,0.4860050890585242
1,420,0.89115644,nan,0.0,0.9575381679389313,0.8194643626991054,0.4712230215827338
1,443,0.919708,nan,0.0,0.9112554112554114,0.5250584395656033,0.4790874524714829
1,458,0.875,nan,0.0,0.7963169642857143,0.34674680312200157,0.4666666666666667
1,338,0.928,nan,0.0,0.8888888888888888,0.5451525542957218,0.48132780082987553
1,252,0.8796296,nan,0.0,0.757085020242915,0.4272237119180736,0.46798029556650245
1,122,0.9150943,nan,0.0,0.9919816723940434,0.9353344186677521,0.47783251231527096
1,300,0.9326923,nan,0.0,0.7172312223858616,0.20280701522095596,0.48258706467661694
1,188,0.9019608,nan,0.0,0.8032608695652174,0.553307448654698,0.4742268041237113
1,73,0.99019605,nan,0.0,0.9801980198019802,0.16666666666666666,0.4975369458128079
2,264,0.94554454,nan,0.0,0.8648262732032366,0.3430396066070754,0.4860050890585242
0,264,0.94554454,nan,0.0,0.8514992860542598,0.3290174381878487,0.4860050890585242
0,420,0.89115644,nan,0.0,0.9522900763358779,0.7747679190019372,0.4712230215827338
0,443,0.919708,nan,0.0,0.9098124098124099,0.5096344709280196,0.4790874524714829
0,458,0.875,nan,0.0,0.7645089285714285,0.3219815926259263,0.4666666666666667
0,338,0.928,nan,0.0,0.8754789272030651,0.39851334249297315,0.48132780082987553
0,252,0.8796296,nan,0.0,0.7489878542510121,0.3891281650119942,0.46798029556650245
0,122,0.9150943,nan,0.0,0.9942726231386025,0.9512701804368471,0.47783251231527096
0,300,0.9326923,nan,0.0,0.7172312223858616,0.3094263172296068,0.48258706467661694
0,188,0.9019608,nan,0.0,0.7760869565217392,0.5439902659427853,0.4742268041237113
0,73,0.99019605,nan,0.0,0.9702970297029703,0.125,0.4975369458128079
1,264,0.94554454,nan,0.0,0.8629224178962398,0.33620226205527554,0.4860050890585242
1,420,0.89115644,nan,0.0,0.9575381679389313,0.8194643626991054,0.4712230215827338
1,443,0.919708,nan,0.0,0.9112554112554114,0.5250584395656033,0.4790874524714829
1,458,0.875,nan,0.0,0.7963169642857143,0.34674680312200157,0.4666666666666667
1,338,0.928,nan,0.0,0.8888888888888888,0.5451525542957218,0.48132780082987553
1,252,0.8796296,nan,0.0,0.7562753036437246,0.4267892886177967,0.46798029556650245
1,122,0.9150943,nan,0.0,0.9919816723940434,0.9353344186677521,0.47783251231527096
1,300,0.9326923,nan,0.0,0.7172312223858616,0.20280701522095596,0.48258706467661694
1,188,0.9019608,nan,0.0,0.8032608695652174,0.553307448654698,0.4742268041237113
1,73,0.99019605,nan,0.0,0.9801980198019802,0.16666666666666666,0.4975369458128079
2,264,0.94554454,nan,0.0,0.8648262732032366,0.3430396066070754,0.4860050890585242
2,420,0.9183673,1.0,0.25,0.9599236641221374,0.8255044207547677,0.678102189781022
2,443,0.919708,nan,0.0,0.917027417027417,0.5740740416433372,0.4790874524714829
2,458,0.875,nan,0.0,0.8102678571428572,0.36291169144496765,0.4666666666666667
2,338,0.928,nan,0.0,0.8946360153256704,0.5336283863147898,0.48132780082987553
2,252,0.8796296,nan,0.0,0.745748987854251,0.41676144174985313,0.46798029556650245
2,122,0.9150943,nan,0.0,0.9919816723940434,0.9353344186677521,0.47783251231527096
2,300,0.9326923,nan,0.0,0.7231222385861561,0.20452116947788684,0.48258706467661694
2,188,0.9019608,nan,0.0,0.8152173913043479,0.5415815133162479,0.4742268041237113
2,73,0.99019605,nan,0.0,0.9900990099009901,0.25,0.4975369458128079
3,264,0.94554454,nan,0.0,0.8676820561637315,0.34982029741399917,0.4860050890585242
3,420,0.95238096,0.90909094,0.625,0.9632633587786259,0.837739187555364,0.8572617561381606
3,443,0.919708,nan,0.0,0.9213564213564214,0.576637134746115,0.4790874524714829
3,458,0.875,nan,0.0,0.8180803571428572,0.37934042082599945,0.4666666666666667
3,338,0.928,nan,0.0,0.900383141762452,0.49464354798824184,0.48132780082987553
3,252,0.8796296,nan,0.0,0.7578947368421053,0.4033460926518964,0.46798029556650245
3,122,0.9150943,nan,0.0,0.9908361970217641,0.9305114638447973,0.47783251231527096
3,300,0.9326923,nan,0.0,0.7304860088365243,0.20420955437672758,0.48258706467661694
3,188,0.9117647,1.0,0.1,0.8304347826086957,0.546177704344599,0.567593028732925
3,73,0.99019605,nan,0.0,0.9900990099009901,0.25,0.4975369458128079
4,264,0.94554454,nan,0.0,0.8667301285102332,0.34936900186426706,0.4860050890585242
4,420,0.9591837,0.9166667,0.6875,0.9637404580152671,0.8333661687681345,0.881578947368421
4,443,0.919708,nan,0.0,0.9227994227994228,0.5693886399380621,0.4790874524714829
4,458,0.875,nan,0.0,0.8292410714285714,0.40927853365553174,0.4666666666666667
4,338,0.928,nan,0.0,0.9022988505747126,0.47744300359762204,0.48132780082987553
4,252,0.8796296,nan,0.0,0.7497975708502025,0.4166164178062553,0.46798029556650245
4,122,0.9150943,nan,0.0,0.9908361970217641,0.9305114638447973,0.47783251231527096
4,300,0.9326923,nan,0.0,0.7393225331369662,0.20590774510100568,0.48258706467661694
4,188,0.9411765,1.0,0.4,0.8413043478260869,0.5519729438323653,0.7699248120300752
4,73,0.99019605,nan,0.0,0.9900990099009901,0.25,0.4975369458128079
5,264,0.94554454,nan,0.0,0.8681580199904807,0.340934032118018,0.4860050890585242
5,420,0.95238096,0.84615386,0.6875,0.9646946564885497,0.8311903924874033,0.8661027976577749
5,443,0.919708,nan,0.0,0.924963924963925,0.5709601053010668,0.4790874524714829
5,458,0.875,0.5,0.125,0.8331473214285715,0.41726637969896657,0.5661016949152542
5,338,0.928,nan,0.0,0.9109195402298851,0.5098657515324181,0.48132780082987553
5,252,0.8796296,nan,0.0,0.7595141700404858,0.42674862215182274,0.46798029556650245
5,122,0.9150943,nan,0.0,0.9908361970217641,0.9305114638447973,0.47783251231527096
5,300,0.9326923,nan,0.0,0.748159057437408,0.37391676888714276,0.48258706467661694
5,188,0.9313725,0.8,0.4,0.8500000000000001,0.5564039739136545,0.7481481481481481
5,73,0.99019605,nan,0.0,0.9900990099009901,0.25,0.4975369458128079
6,264,0.94554454,0.5,0.09090909,0.8700618752974775,0.4131455274132414,0.562856580759394
6,420,0.93877554,0.73333335,0.6875,0.9656488549618321,0.8323032466476601,0.8377284435177236
6,443,0.9270073,1.0,0.09090909,0.9292929292929293,0.5708838448794255,0.5642493638676845
6,458,0.90625,0.7,0.4375,0.8420758928571429,0.43703986656301524,0.7431438127090301
6,338,0.928,nan,0.0,0.9118773946360154,0.5040880415880415,0.48132780082987553
6,252,0.8796296,nan,0.0,0.7643724696356275,0.40974770921842124,0.46798029556650245
6,122,0.9150943,nan,0.0,0.9931271477663229,0.9456739248405914,0.47783251231527096
6,300,0.9326923,nan,0.0,0.7496318114874816,0.37495246523979087,0.48258706467661694
6,188,0.92156863,0.6666667,0.4,0.8619565217391305,0.5612658460876224,0.7287234042553192
6,73,0.99019605,nan,0.0,0.9900990099009901,0.25,0.4975369458128079
7,264,0.9405941,0.33333334,0.09090909,0.8700618752974774,0.40865257839514374,0.5560439560439561
7,420,0.9183673,0.6111111,0.6875,0.9661259541984732,0.8321599344151861,0.8004524886877828
7,443,0.9270073,0.6666667,0.18181819,0.9357864357864358,0.59104448936015,0.6236263736263736
7,458,0.8984375,0.6363636,0.4375,0.8504464285714286,0.44234722936553783,0.7308749797832768
7,338,0.928,nan,0.0,0.9118773946360154,0.4939959163643374,0.48132780082987553
7,252,0.8796296,nan,0.0,0.7676113360323886,0.4164745764711564,0.46798029556650245
7,122,0.9150943,nan,0.0,0.9931271477663229,0.9456739248405914,0.47783251231527096
7,300,0.9326923,nan,0.0,0.7511045655375552,0.37504189753720363,0.48258706467661694
7,188,0.9117647,0.5714286,0.4,0.8684782608695653,0.565176948146749,0.7112299465240641
7,73,0.99019605,nan,0.0,0.9900990099009901,0.25,0.4975369458128079
8,264,0.94554454,0.5,0.27272728,0.8714897667777248,0.40095072789398617,0.6622587019303846
8,420,0.92517006,0.64705884,0.6875,0.9661259541984732,0.8313796864729551,0.8122605363984674
8,443,0.9270073,0.6,0.27272728,0.9357864357864358,0.5496115310225248,0.6681201550387597
8,458,0.8984375,0.6363636,0.4375,0.8571428571428572,0.4531569911996794,0.7308749797832768
8,338,0.928,nan,0.0,0.9137931034482758,0.4727189392714506,0.48132780082987553
8,252,0.8888889,0.6666667,0.15384616,0.7716599190283401,0.4149717229894022,0.595
8,122,0.9150943,nan,0.0,0.9931271477663229,0.9456739248405914,0.47783251231527096
8,300,0.9326923,nan,0.0,0.7555228276877761,0.3768144742960149,0.48258706467661694
8,188,0.9117647,0.5714286,0.4,0.8706521739130435,0.5643850645917076,0.7112299465240641
8,73,0.99019605,nan,0.0,0.9900990099009901,0.25,0.4975369458128079
9,264,0.94554454,0.5,0.27272728,0.8752974773917181,0.3997644423388657,0.6622587019303846
9,420,0.92517006,0.64705884,0.6875,0.9670801526717556,0.8252239737118885,0.8122605363984674
9,443,0.93430656,0.625,0.45454547,0.9357864357864358,0.5597090946971329,0.7455108359133127
9,458,0.890625,0.5833333,0.4375,0.8571428571428572,0.4510619020683472,0.7192982456140351
9,338,0.928,nan,0.0,0.921455938697318,0.48488803899251653,0.48132780082987553
9,252,0.8888889,0.6666667,0.15384616,0.7651821862348178,0.37531701972751863,0.595
9,122,0.9339623,1.0,0.22222222,0.9942726231386024,0.9587912087912087,0.6644052464947987
9,300,0.9326923,nan,0.0,0.7658321060382915,0.38474351324331135,0.48258706467661694
9,188,0.9117647,0.5714286,0.4,0.8760869565217392,0.5666099037790214,0.7112299465240641
9,73,0.99019605,nan,0.0,0.9900990099009901,0.25,0.4975369458128079
10,264,0.95049506,0.5555556,0.45454547,0.8795811518324606,0.4043580157018239,0.7369791666666667
10,420,0.9183673,0.6111111,0.6875,0.9666030534351145,0.8189277338514072,0.8004524886877828
10,443,0.93430656,0.625,0.45454547,0.9401154401154402,0.5818626968693814,0.7455108359133127
10,458,0.890625,0.5833333,0.4375,0.8649553571428572,0.45665327312603965,0.7192982456140351
10,338,0.928,nan,0.0,0.92816091954023,0.4982157734934043,0.48132780082987553
10,252,0.8796296,0.5,0.23076923,0.7659919028340081,0.38087589528954335,0.6248998129842372
10,122,0.9622642,1.0,0.5555556,0.9942726231386024,0.9587912087912087,0.847041847041847
10,300,0.9423077,0.6666667,0.2857143,0.7702503681885126,0.38668651048408276,0.6848484848484848
10,188,0.9117647,0.5714286,0.4,0.8804347826086957,0.5727607766044298,0.7112299465240641
10,73,0.99019605,nan,0.0,0.9900990099009901,0.25,0.4975369458128079
11,264,0.9405941,0.46153846,0.54545456,0.8786292241789624,0.3998118305356905,0.7342105263157894
11,420,0.9183673,0.625,0.625,0.9666030534351144,0.8174028699644109,0.7895992366412214
11,443,0.93430656,0.6666667,0.36363637,0.9444444444444444,0.5892457183170733,0.7177843900205997
11,458,0.890625,0.5833333,0.4375,0.8688616071428572,0.5129880663688828,0.7192982456140351
11,338,0.928,nan,0.0,0.9300766283524904,0.4987315728841152,0.48132780082987553
11,252,0.8703704,0.42857143,0.23076923,0.7692307692307693,0.41311907096772327,0.6142857142857143
11,122,0.9622642,1.0,0.5555556,0.9942726231386024,0.9587912087912087,0.847041847041847
11,300,0.9423077,0.6666667,0.2857143,0.7761413843888071,0.39691641884279805,0.6848484848484848
11,188,0.9117647,0.5714286,0.4,0.8815217391304349,0.5738041188830663,0.7112299465240641
11,73,0.99019605,nan,0.0,0.9900990099009901,0.25,0.4975369458128079
12,264,0.9405941,0.46153846,0.54545456,0.8814850071394573,0.4043138892957551,0.7342105263157894
12,420,0.91156465,0.5882353,0.625,0.9699427480916031,0.8313312064153624,0.778126088470916
12,443,0.93430656,0.6666667,0.36363637,0.9473304473304474,0.5911464599967273,0.7177843900205997
12,458,0.890625,0.5833333,0.4375,0.8699776785714286,0.5137708359184987,0.7192982456140351
12,338,0.928,nan,0.0,0.935823754789272,0.5835199779644225,0.48132780082987553
12,252,0.8796296,0.5,0.23076923,0.7611336032388665,0.4075966086922211,0.6248998129842372
12,122,0.9622642,1.0,0.5555556,0.993127147766323,0.9539682539682539,0.847041847041847
12,300,0.9423077,0.6666667,0.2857143,0.7731958762886598,0.33686731866185926,0.6848484848484848
12,188,0.9117647,0.5714286,0.4,0.8826086956521739,0.5743704667981491,0.7112299465240641
12,73,0.99019605,nan,0.0,0.9900990099009901,0.25,0.4975369458128079
13,264,0.93564355,0.42857143,0.54545456,0.8852927177534506,0.4089535357838731,0.7228496042216359
13,420,0.9183673,0.625,0.625,0.9685114503816794,0.8198153440742293,0.7895992366412214
13,443,0.93430656,0.6666667,0.36363637,0.9473304473304472,0.5900651910478113,0.7177843900205997
13,458,0.890625,0.5833333,0.4375,0.87109375,0.5146490799098082,0.7192982456140351
13,338,0.928,nan,0.0,0.9348659003831417,0.5832079957079956,0.48132780082987553
13,252,0.8796296,0.5,0.23076923,0.7595141700404858,0.3610670634341121,0.6248998129842372
13,122,0.9622642,1.0,0.5555556,0.993127147766323,0.9539682539682539,0.847041847041847
13,300,0.9423077,0.6666667,0.2857143,0.780559646539028,0.34350429826681916,0.6848484848484848
13,188,0.9117647,0.5714286,0.4,0.8826086956521739,0.5743704667981491,0.7112299465240641
13,73,0.99019605,nan,0.0,0.9900990099009901,0.25,0.4975369458128079
14,264,0.9405941,0.46153846,0.54545456,0.8833888624464541,0.4088286177703757,0.7342105263157894
14,420,0.9183673,0.625,0.625,0.9708969465648856,0.8265873684172016,0.7895992366412214
14,443,0.94160587,0.71428573,0.45454547,0.9487734487734488,0.5923780059211101,0.7621527777777778
14,458,0.890625,0.5833333,0.4375,0.875,0.515767889784007,0.7192982456140351
14,338,0.936,0.6666667,0.22222222,0.9386973180076628,0.5845285977638919,0.6498599439775911
14,252,0.8981481,0.6666667,0.30769232,0.7246963562753037,0.41930774568726303,0.6826075340635853
14,122,0.9622642,1.0,0.5555556,0.993127147766323,0.9539682539682539,0.847041847041847
14,300,0.9423077,0.6666667,0.2857143,0.7820324005891016,0.34426667218190243,0.6848484848484848
14,188,0.9117647,0.5714286,0.4,0.8836956521739131,0.5753981428258251,0.7112299465240641
14,73,0.99019605,nan,0.0,0.9900990099009901,0.25,0.4975369458128079
15,264,0.9405941,0.46153846,0.54545456,0.8867206092336983,0.41939271081515134,0.7342105263157894
15,420,0.9183673,0.625,0.625,0.9708969465648856,0.8258916097820659,0.7895992366412214
15,443,0.93430656,0.6666667,0.36363637,0.9487734487734488,0.5921254093740471,0.7177843900205997
15,458,0.890625,0.5833333,0.4375,0.8777901785714286,0.5151136659379787,0.7192982456140351
15,338,0.936,0.6666667,0.22222222,0.9377394636015326,0.5795937178290118,0.6498599439775911
15,252,0.8981481,0.6666667,0.30769232,0.7587044534412956,0.43165878875041197,0.6826075340635853
15,122,0.9622642,1.0,0.5555556,0.990836197021764,0.946078431372549,0.847041847041847
15,300,0.9423077,0.6666667,0.2857143,0.7820324005891016,0.3437109616648785,0.6848484848484848
15,188,0.9117647,0.5714286,0.4,0.8836956521739131,0.5754157882239053,0.7112299465240641
15,73,0.99019605,nan,0.0,0.9900990099009901,0.25,0.4975369458128079
16,264,0.9405941,0.46153846,0.54545456,0.8891004283674441,0.4149986991051703,0.7342105263157894
16,420,0.9047619,0.5555556,0.625,0.9728053435114503,0.8310419192427202,0.7671945701357465
16,443,0.93430656,0.625,0.45454547,0.9487734487734487,0.5929449924058736,0.7455108359133127
16,458,0.890625,0.5833333,0.4375,0.8794642857142858,0.5181465660431853,0.7192982456140351
16,338,0.936,0.6666667,0.22222222,0.9377394636015325,0.5986988894347051,0.6498599439775911
16,252,0.8888889,0.5714286,0.30769232,0.7902834008097166,0.4277073066718794,0.6693877551020408
16,122,0.9622642,1.0,0.5555556,0.990836197021764,0.946078431372549,0.847041847041847
16,300,0.9423077,0.6666667,0.2857143,0.7849779086892489,0.3442790933389859,0.6848484848484848
16,188,0.9117647,0.5714286,0.4,0.8815217391304349,0.5735564583971842,0.7112299465240641
16,73,0.99019605,nan,0.0,0.9900990099009901,0.25,0.4975369458128079
17,264,0.94554454,0.5,0.54545456,0.8914802475011898,0.4144152642298576,0.7464338696793336
17,420,0.9183673,0.625,0.625,0.9737595419847328,0.8353405411037453,0.7895992366412214
17,443,0.93430656,0.625,0.45454547,0.9473304473304474,0.5824544724339294,0.7455108359133127
17,458,0.890625,0.5833333,0.4375,0.8800223214285714,0.5219596455859123,0.7192982456140351
17,338,0.936,0.6666667,0.22222222,0.9377394636015325,0.596294201281867,0.6498599439775911
17,252,0.8888889,0.5714286,0.30769232,0.728744939271255,0.3943645444362483,0.6693877551020408
17,122,0.9622642,1.0,0.5555556,0.990836197021764,0.946078431372549,0.847041847041847
17,300,0.9326923,0.5,0.2857143,0.7879234167893963,0.3446037189370291,0.664051684356253
17,188,0.9117647,0.5714286,0.4,0.8836956521739131,0.5753972387379646,0.7112299465240641
17,73,0.99019605,nan,0.0,0.9900990099009901,0.25,0.4975369458128079
18,264,0.94554454,0.5,0.54545456,0.894336030461685,0.41863030097539516,0.7464338696793336
18,420,0.91156465,0.5882353,0.625,0.9737595419847328,0.829341186400683,0.778126088470916
18,443,0.93430656,0.625,0.45454547,0.948051948051948,0.5908419183213753,0.7455108359133127
18,458,0.890625,0.5833333,0.4375,0.8772321428571429,0.5187198995382551,0.7192982456140351
18,338,0.936,0.6666667,0.22222222,0.9367816091954022,0.6005407204432027,0.6498599439775911
18,252,0.8888889,0.5714286,0.30769232,0.7578947368421053,0.40839432621352534,0.6693877551020408
18,122,0.9716981,1.0,0.6666667,0.9896907216494846,0.9428104575163399,0.8923857868020304
18,300,0.9326923,0.5,0.2857143,0.784977908689249,0.3432240444309642,0.664051684356253
18,188,0.9117647,0.5714286,0.4,0.8815217391304349,0.5732505150912409,0.7112299465240641
18,73,0.99019605,nan,0.0,0.9900990099009901,0.25,0.4975369458128079
19,264,0.94554454,0.5,0.54545456,0.8971918134221799,0.4217775642022416,0.7464338696793336
19,420,0.92517006,0.64705884,0.6875,0.9751908396946565,0.8402370304839303,0.8122605363984674
19,443,0.93430656,0.625,0.45454547,0.9487734487734488,0.5917736143135551,0.7455108359133127
19,458,0.8984375,0.61538464,0.5,0.8850446428571429,0.5314137721745653,0.7472277077320371
19,338,0.936,0.6666667,0.22222222,0.9367816091954023,0.5848968206811345,0.6498599439775911
19,252,0.8888889,0.5555556,0.3846154,0.7757085020242915,0.4273637525686138,0.6963448922211809
19,122,0.9716981,1.0,0.6666667,0.9896907216494846,0.9428104575163399,0.8923857868020304
19,300,0.9326923,0.5,0.2857143,0.7790868924889544,0.3413416533081173,0.664051684356253
19,188,0.9117647,0.5714286,0.4,0.8815217391304349,0.5732613006020264,0.7112299465240641
19,73,0.99019605,nan,0.0,0.9900990099009901,0.25,0.4975369458128079
20,264,0.94554454,0.5,0.54545456,0.8981437410756782,0.4244399575265309,0.7464338696793336
20,420,0.9183673,0.625,0.625,0.9751908396946565,0.8402370304839303,0.7895992366412214
20,443,0.93430656,0.625,0.45454547,0.9494949494949496,0.5934055462814555,0.7455108359133127
20,458,0.8984375,0.61538464,0.5,0.8911830357142857,0.5419675893270559,0.7472277077320371
20,338,0.944,0.75,0.33333334,0.935823754789272,0.6015774256827385,0.7160012982797793
20,252,0.8796296,0.5,0.30769232,0.7781376518218623,0.4486700595574362,0.6571428571428571
20,122,0.9811321,1.0,0.7777778,0.9896907216494846,0.9428104575163399,0.9323979591836735
20,300,0.9326923,0.5,0.2857143,0.7731958762886597,0.33909707603975947,0.664051684356253
20,188,0.9117647,0.5714286,0.4,0.8826086956521739,0.574036277259356,0.7112299465240641
20,73,0.99019605,nan,0.0,0.9900990099009901,0.25,0.4975369458128079
21,264,0.95049506,0.54545456,0.54545456,0.8986197049024275,0.41964974876795813,0.7596382674916706
21,420,0.9183673,0.625,0.625,0.9747137404580153,0.8345000817442642,0.7895992366412214
21,443,0.93430656,0.625,0.45454547,0.9494949494949495,0.601158978683101,0.7455108359133127
21,458,0.8984375,0.61538464,0.5,0.8928571428571429,0.5499884248362052,0.7472277077320371
21,338,0.936,0.6,0.33333334,0.935823754789272,0.5948313939367067,0.6973365617433414
21,252,0.8888889,0.5714286,0.30769232,0.7797570850202429,0.4437646327556105,0.6693877551020408
21,122,0.9811321,1.0,0.7777778,0.990836197021764,0.946078431372549,0.9323979591836735
21,300,0.9326923,0.5,0.2857143,0.7673048600883652,0.3373104060777493,0.664051684356253
21,188,0.92156863,0.6666667,0.4,0.883695652173913,0.5731636931411225,0.7287234042553192
21,73,0.99019605,nan,0.0,0.9900990099009901,0.25,0.4975369458128079
22,264,0.95049506,0.54545456,0.54545456,0.9014754878629224,0.41989913445855426,0.7596382674916706
22,420,0.92517006,0.6666667,0.625,0.9766221374045801,0.8438493528805777,0.8016680976327732
22,443,0.93430656,0.625,0.45454547,0.9502164502164502,0.6009803914021218,0.7455108359133127
22,458,0.90625,0.6666667,0.5,0.8989955357142857,0.5656752797063347,0.7593984962406015
22,338,0.936,0.6,0.33333334,0.9377394636015326,0.5975265369594215,0.6973365617433414
22,252,0.8981481,0.6666667,0.30769232,0.7748987854251013,0.44893339914593494,0.6826075340635853
22,122,0.9811321,1.0,0.7777778,0.9919816723940436,0.9497685185185185,0.9323979591836735
22,300,0.9326923,0.5,0.2857143,0.7687776141384388,0.3376417930370432,0.664051684356253
22,188,0.9019608,0.5,0.4,0.8847826086956522,0.5767742005674193,0.6953405017921147
22,73,0.99019605,nan,0.0,0.9900990099009901,0.25,0.4975369458128079
23,264,0.95049506,0.54545456,0.54545456,0.9024274155164207,0.421572391753324,0.7596382674916706
23,420,0.9183673,0.6111111,0.6875,0.9770992366412214,0.8395203118866297,0.8004524886877828
23,443,0.93430656,0.625,0.45454547,0.9523809523809523,0.6073725694854764,0.7455108359133127
23,458,0.90625,0.6666667,0.5,0.90625,0.5994917071450628,0.7593984962406015
23,338,0.936,0.6,0.33333334,0.939655172413793,0.6191879395367768,0.6973365617433414
23,252,0.8888889,0.5714286,0.30769232,0.7902834008097166,0.4900342574973038,0.6693877551020408
23,122,0.990566,1.0,0.8888889,0.9885452462772051,0.9398960363872646,0.9680241327300151
23,300,0.9326923,0.5,0.2857143,0.7658321060382915,0.3369935731522207,0.664051684356253
23,188,0.9117647,0.5714286,0.4,0.8858695652173914,0.5757226225158413,0.7112299465240641
23,73,0.99019605,nan,0.0,0.9900990099009901,0.25,0.4975369458128079
24,264,0.9554455,0.6,0.54545456,0.9038553069966683,0.42196331569573403,0.7739649384558001
24,420,0.9183673,0.6111111,0.6875,0.9775763358778626,0.8417925749585251,0.8004524886877828
24,443,0.93430656,0.625,0.45454547,0.950937950937951,0.6005613217687237,0.7455108359133127
24,458,0.90625,0.6666667,0.5,0.9040178571428571,0.5940486688555593,0.7593984962406015
24,338,0.928,0.5,0.33333334,0.946360153256705,0.6648964096332517,0.6808510638297872
24,252,0.8981481,0.625,0.3846154,0.7894736842105263,0.4532629715414581,0.7098901098901098
24,122,0.9811321,1.0,0.7777778,0.9885452462772051,0.9398960363872646,0.9323979591836735
24,300,0.9326923,0.5,0.2857143,0.7687776141384388,0.31406788940060754,0.664051684356253
24,188,0.92156863,0.6666667,0.4,0.8880434782608696,0.5780763774565527,0.7287234042553192
24,73,0.99019605,nan,0.0,0.9900990099009901,0.25,0.4975369458128079
25,264,0.9554455,0.6,0.54545456,0.9081389814374107,0.4280215291864143,0.7739649384558001
25,420,0.92517006,0.64705884,0.6875,0.9775763358778626,0.8391352647264866,0.8122605363984674
25,443,0.93430656,0.625,0.45454547,0.9516594516594516,0.6030485057626651,0.7455108359133127
25,458,0.90625,0.6666667,0.5,0.9056919642857143,0.5934210268110334,0.7593984962406015
25,338,0.92,0.42857143,0.33333334,0.9406130268199234,0.5522254494476717,0.6661324786324787
25,252,0.9074074,0.71428573,0.3846154,0.7773279352226721,0.44304278696072147,0.7244897959183674
25,122,0.9811321,1.0,0.7777778,0.9896907216494846,0.9428104575163399,0.9323979591836735
25,300,0.9326923,0.5,0.2857143,0.7717231222385861,0.3381954387567216,0.664051684356253
25,188,0.92156863,0.6666667,0.4,0.8858695652173914,0.5763783474238882,0.7287234042553192
25,73,0.99019605,nan,0.0,0.9900990099009901,0.25,0.4975369458128079
26,264,0.9554455,0.6,0.54545456,0.9128986197049025,0.43114475868012925,0.7739649384558001
26,420,0.9319728,0.6666667,0.75,0.978530534351145,0.8459720609735122,0.833710407239819
26,443,0.93430656,0.625,0.45454547,0.9516594516594516,0.6006121027144712,0.7455108359133127
26,458,0.9140625,0.72727275,0.5,0.9068080357142856,0.6008967435781045,0.772278829047388
26,338,0.944,0.6,0.6666667,0.9473180076628354,0.6392529402333325,0.8006379585326954
26,252,0.8981481,0.6666667,0.30769232,0.7789473684210526,0.4466850445691894,0.6826075340635853
26,122,0.990566,1.0,0.8888889,0.9919816723940436,0.9497685185185185,0.9680241327300151
26,300,0.9326923,0.5,0.2857143,0.7820324005891016,0.3218469111611345,0.664051684356253
26,188,0.9117647,0.5714286,0.4,0.8891304347826087,0.5824340343839869,0.7112299465240641
26,73,0.99019605,nan,0.0,0.9900990099009901,0.25,0.4975369458128079
27,264,0.9554455,0.6,0.54545456,0.9143265111851498,0.44286552784662137,0.7739649384558001
27,420,0.9319728,0.65,0.8125,0.9794847328244275,0.8435964009921537,0.8417312661498708
27,443,0.93430656,0.625,0.45454547,0.9502164502164503,0.5973293477743657,0.7455108359133127
27,458,0.9140625,0.72727275,0.5,0.90625,0.5971220736029987,0.772278829047388
27,338,0.936,0.5555556,0.5555556,0.9415708812260536,0.5529870302271735,0.7605363984674329
27,252,0.9074074,0.71428573,0.3846154,0.7878542510121457,0.4821521688806827,0.7244897959183674
27,122,0.9811321,1.0,0.7777778,0.9919816723940436,0.9497685185185185,0.9323979591836735
27,300,0.9230769,0.4,0.2857143,0.7849779086892489,0.3356933643946092,0.6462585034013605
27,188,0.9019608,0.5,0.4,0.8847826086956523,0.576828243379714,0.6953405017921147
27,73,0.99019605,nan,0.0,0.9900990099009901,0.25,0.4975369458128079
28,264,0.9554455,0.6,0.54545456,0.914802475011899,0.4426578814166452,0.7739649384558001
28,420,0.9455782,0.6818182,0.9375,0.982824427480916,0.8745414450745334,0.8791118421052632
28,443,0.94160587,0.71428573,0.45454547,0.9502164502164502,0.5959665177329178,0.7621527777777778
28,458,0.9140625,0.72727275,0.5,0.9151785714285714,0.6498322739489115,0.772278829047388
28,338,0.928,0.5,0.5555556,0.9386973180076629,0.5351046792713459,0.7436773752563226
28,252,0.9074074,0.71428573,0.3846154,0.794331983805668,0.4853211461297706,0.7244897959183674
28,122,0.9811321,1.0,0.7777778,0.993127147766323,0.9539682539682539,0.9323979591836735
28,300,0.9230769,0.4,0.2857143,0.7790868924889544,0.3305705948750638,0.6462585034013605
28,188,0.9019608,0.5,0.4,0.8880434782608696,0.5798382937395086,0.6953405017921147
28,73,0.99019605,nan,0.0,1.0,1.0,0.4975369458128079
29,264,0.9554455,0.6,0.54545456,0.9209900047596382,0.4541904057580265,0.7739649384558001
29,420,0.9319728,0.65,0.8125,0.9804389312977099,0.868111774278406,0.8417312661498708
29,443,0.94160587,0.71428573,0.45454547,0.9473304473304474,0.5789903960285352,0.7621527777777778
29,458,0.9140625,0.72727275,0.5,0.9140625,0.6630655138650605,0.772278829047388
29,338,0.928,0.5,0.5555556,0.9386973180076628,0.6112870298585908,0.7436773752563226
29,252,0.9074074,0.71428573,0.3846154,0.8137651821862348,0.5271603521636458,0.7244897959183674
29,122,0.9811321,1.0,0.7777778,0.9896907216494846,0.9221500721500722,0.9323979591836735
29,300,0.9230769,0.4,0.2857143,0.792341678939617,0.32956142116589876,0.6462585034013605
29,188,0.92156863,0.6666667,0.4,0.8880434782608695,0.5797743098759722,0.7287234042553192
29,73,0.99019605,nan,0.0,1.0,1.0,0.4975369458128079
30,264,0.9554455,0.6,0.54545456,0.9252736792003808,0.45712709850891287,0.7739649384558001
30,420,0.9319728,0.65,0.8125,0.982824427480916,0.8851703757444247,0.8417312661498708
30,443,0.94160587,0.71428573,0.45454547,0.9502164502164503,0.6220092593491227,0.7621527777777778
30,458,0.9140625,0.72727275,0.5,0.9135044642857143,0.6364295460869611,0.772278829047388
30,338,0.944,0.5833333,0.7777778,0.9415708812260536,0.6245122624803752,0.8180494905385736
30,252,0.9074074,0.71428573,0.3846154,0.8072874493927125,0.539485780562896,0.7244897959183674
30,122,0.990566,1.0,0.8888889,0.993127147766323,0.9539682539682539,0.9680241327300151
30,300,0.9230769,0.4,0.2857143,0.7997054491899853,0.3307939939668248,0.6462585034013605
30,188,0.9019608,0.5,0.4,0.8934782608695653,0.5899834218928646,0.6953405017921147
30,73,0.99019605,nan,0.0,1.0,1.0,0.4975369458128079
31,264,0.9554455,0.6,0.54545456,0.9295573536411232,0.4742342347503783,0.7739649384558001
31,420,0.95238096,0.7368421,0.875,0.9823473282442747,0.8850968676633661,0.8864864864864865
31,443,0.94160587,0.71428573,0.45454547,0.9466089466089466,0.6144083114464506,0.7621527777777778
31,458,0.90625,0.6666667,0.5,0.9135044642857143,0.6514731528090427,0.7593984962406015
31,338,0.936,0.54545456,0.6666667,0.946360153256705,0.6303276746667552,0.7826086956521738
31,252,0.9166667,0.75,0.46153846,0.811336032388664,0.5588252640303046,0.7626373626373626
31,122,0.9716981,0.875,0.7777778,0.9896907216494845,0.9200706700706702,0.9040723981900453
31,300,0.9230769,0.4,0.2857143,0.8055964653902798,0.3341202253469977,0.6462585034013605
31,188,0.9019608,0.5,0.4,0.8989130434782608,0.5976156853784429,0.6953405017921147
31,73,1.0,1.0,1.0,1.0,1.0,1.0
32,264,0.95049506,0.54545456,0.54545456,0.9305092812946215,0.4912573080185685,0.7596382674916706
32,420,0.9455782,0.7222222,0.8125,0.9813931297709924,0.8735041301752624,0.8669683257918552
32,443,0.94160587,0.71428573,0.45454547,0.9451659451659452,0.574347274570734,0.7621527777777778
32,458,0.90625,0.6666667,0.5,0.9129464285714286,0.6962442536068341,0.7593984962406015
32,338,0.928,0.5,0.6666667,0.9367816091954023,0.6171552054008194,0.7660636306924516
32,252,0.8981481,0.6,0.46153846,0.8089068825910932,0.543819758532598,0.7323721558909664
32,122,0.9622642,0.7777778,0.7777778,0.9919816723940434,0.9353344186677521,0.8785796105383734
32,300,0.9230769,0.4,0.2857143,0.792341678939617,0.3305509498366641,0.6462585034013605
32,188,0.9019608,0.5,0.4,0.892391304347826,0.595995540393448,0.6953405017921147
32,73,1.0,1.0,1.0,1.0,1.0,1.0
33,264,0.9554455,0.6,0.54545456,0.9366968110423606,0.4988533729174076,0.7739649384558001
33,420,0.9455782,0.7,0.875,0.982824427480916,0.8835251485539314,0.8733850129198966
33,443,0.94160587,0.71428573,0.45454547,0.9408369408369408,0.596115553027817,0.7621527777777778
33,458,0.90625,0.6666667,0.5,0.9196428571428572,0.70463106655574,0.7593984962406015
33,338,0.936,0.54545456,0.6666667,0.9434865900383143,0.6307602890936224,0.7826086956521738
33,252,0.8796296,0.5,0.3846154,0.7838056680161942,0.4648254170243352,0.6837125478711421
33,122,0.9433962,0.6363636,0.7777778,0.988545246277205,0.9142755392755393,0.834375
33,300,0.9230769,0.4,0.2857143,0.7997054491899852,0.3346257355731646,0.6462585034013605
33,188,0.92156863,0.6666667,0.4,0.8923913043478261,0.5885317977229741,0.7287234042553192
33,73,1.0,1.0,1.0,1.0,1.0,1.0
34,264,0.95049506,0.54545456,0.54545456,0.9328891004283675,0.4942963352522157,0.7596382674916706
34,420,0.93877554,0.6666667,0.875,0.9799618320610688,0.8852971700842905,0.8608686507519192
34,443,0.94160587,0.71428573,0.45454547,0.9451659451659452,0.6310039805395843,0.7621527777777778
34,458,0.8984375,0.6363636,0.4375,0.91015625,0.6656775779078264,0.7308749797832768
34,338,0.936,0.53846157,0.7777778,0.9568965517241379,0.6311030944364278,0.8006379585326954
34,252,0.8981481,0.6,0.46153846,0.8388663967611337,0.5813111025012858,0.7323721558909664
34,122,0.9622642,0.7777778,0.7777778,0.9896907216494845,0.9120920745920746,0.8785796105383734
34,300,0.9230769,0.4,0.2857143,0.7879234167893961,0.3247171142479266,0.6462585034013605
34,188,0.9117647,0.5714286,0.4,0.9010869565217392,0.6057747888427402,0.7112299465240641
34,73,1.0,1.0,1.0,1.0,1.0,1.0
35,264,0.95049506,0.54545456,0.54545456,0.9381247025226083,0.49778623500646924,0.7596382674916706
35,420,0.93877554,0.68421054,0.8125,0.9847328244274809,0.9012291931347638,0.854054054054054
35,443,0.94160587,0.71428573,0.45454547,0.9430014430014431,0.6251005947393531,0.7621527777777778
35,458,0.9140625,0.6923077,0.5625,0.9140625,0.6890747353392048,0.786115752696339
35,338,0.952,0.6363636,0.7777778,0.9559386973180077,0.6379135352895184,0.8369565217391304
35,252,0.8981481,0.5833333,0.53846157,0.7975708502024291,0.5421065902887869,0.7512041884816754
35,122,0.9433962,0.6363636,0.7777778,0.986254295532646,0.884885484885485,0.834375
35,300,0.9230769,0.4,0.2857143,0.7820324005891016,0.32549553430004746,0.6462585034013605
35,188,0.92156863,0.6666667,0.4,0.9010869565217392,0.5999326521091226,0.7287234042553192
35,73,1.0,1.0,1.0,1.0,1.0,1.0
36,264,0.95049506,0.54545456,0.54545456,0.9300333174678723,0.4770202375278134,0.7596382674916706
36,420,0.9319728,0.65,0.8125,0.9737595419847328,0.8523441017081639,0.8417312661498708
36,443,0.94160587,0.71428573,0.45454547,0.9401154401154401,0.6303420663543783,0.7621527777777778
36,458,0.90625,0.6666667,0.5,0.9185267857142857,0.6816792193510934,0.7593984962406015
36,338,0.936,0.54545456,0.6666667,0.9559386973180076,0.6394988327081492,0.7826086956521738
36,252,0.9074074,0.6666667,0.46153846,0.7829959514170041,0.46661438437531066,0.746954076850984
36,122,0.9811321,0.8181818,1.0,0.9942726231386024,0.9404501362834696,0.9447916666666667
36,300,0.91346157,0.25,0.14285715,0.7687776141384388,0.31726554298272636,0.5680664513151823
36,188,0.92156863,0.6666667,0.4,0.9021739130434783,0.5861371861371861,0.7287234042553192
36,73,1.0,1.0,1.0,1.0,1.0,1.0
37,264,0.95049506,0.54545456,0.54545456,0.9319371727748691,0.4890934764012972,0.7596382674916706
37,420,0.9455782,0.6666667,1.0,0.9856870229007634,0.893298428513622,0.884251968503937
37,443,0.94160587,0.71428573,0.45454547,0.9408369408369409,0.6330091522279179,0.7621527777777778
37,458,0.90625,0.6666667,0.5,0.9174107142857144,0.7011127490944541,0.7593984962406015
37,338,0.944,0.5833333,0.7777778,0.9530651340996168,0.6347610576688816,0.8180494905385736
37,252,0.8981481,0.6,0.46153846,0.7991902834008098,0.5256152803733223,0.7323721558909664
37,122,0.9716981,0.8,0.8888889,0.9931271477663229,0.9290965207631874,0.9132806108535587
37,300,0.91346157,0.25,0.14285715,0.7746686303387333,0.3091399977771059,0.5680664513151823
37,188,0.92156863,0.6666667,0.4,0.8989130434782608,0.5785730245196189,0.7287234042553192
37,73,1.0,1.0,1.0,1.0,1.0,1.0
38,264,0.95049506,0.5555556,0.45454547,0.9324131366016183,0.5160457273337935,0.7369791666666667
38,420,0.92517006,0.6086956,0.875,0.9790076335877863,0.8764923923699391,0.8374057315233786
38,443,0.93430656,0.625,0.45454547,0.9408369408369408,0.6329895278661882,0.7455108359133127
38,458,0.9140625,0.6923077,0.5625,0.9073660714285714,0.6699351874665549,0.786115752696339
38,338,0.936,0.53846157,0.7777778,0.9511494252873564,0.6229421717295816,0.8006379585326954
38,252,0.8796296,0.5,0.3846154,0.7878542510121458,0.5335019916190644,0.6837125478711421
38,122,0.9716981,0.8,0.8888889,0.9931271477663229,0.9290965207631874,0.9132806108535587
38,300,0.91346157,0.25,0.14285715,0.7687776141384389,0.30872187298947656,0.5680664513151823
38,188,0.92156863,0.6666667,0.4,0.9021739130434783,0.5774186345738069,0.7287234042553192
38,73,1.0,1.0,1.0,1.0,1.0,1.0
39,264,0.9554455,0.625,0.45454547,0.9295573536411232,0.40480843635966035,0.7514695830485304
39,420,0.93877554,0.6666667,0.875,0.9766221374045801,0.862690633486275,0.8608686507519192
39,443,0.94160587,0.71428573,0.45454547,0.937950937950938,0.6293434287098028,0.7621527777777778
39,458,0.9140625,0.6923077,0.5625,0.9107142857142857,0.6924972798291105,0.786115752696339
39,338,0.944,0.5833333,0.7777778,0.9406130268199233,0.5825536844038757,0.8180494905385736
39,252,0.8518519,0.3846154,0.3846154,0.785425101214575,0.502442285459102,0.6502024291497975
39,122,0.9811321,0.8181818,1.0,0.995418098510882,0.9507896424563091,0.9447916666666667
39,300,0.91346157,0.25,0.14285715,0.7496318114874816,0.29460877275227154,0.5680664513151823
39,188,0.92156863,0.6666667,0.4,0.8978260869565218,0.6009511967808003,0.7287234042553192
39,73,1.0,1.0,1.0,1.0,1.0,1.0
40,264,0.95049506,0.5555556,0.45454547,0.9328891004283675,0.40797447860558256,0.7369791666666667
40,420,0.93877554,0.68421054,0.8125,0.978530534351145,0.8705319344211373,0.854054054054054
40,443,0.93430656,0.6666667,0.36363637,0.937950937950938,0.6198519363321153,0.7177843900205997
40,458,0.8984375,0.6363636,0.4375,0.8956473214285714,0.7074018462426782,0.7308749797832768
40,338,0.936,0.54545456,0.6666667,0.942528735632184,0.6039018486386907,0.7826086956521738
40,252,0.9259259,0.7777778,0.53846157,0.820242914979757,0.4860108276668882,0.7975632614807873
40,122,0.9716981,0.8,0.8888889,0.9908361970217641,0.914696106362773,0.9132806108535587
40,300,0.91346157,0.25,0.14285715,0.739322533136966,0.28257887794616277,0.5680664513151823
40,188,0.92156863,0.6666667,0.4,0.9010869565217392,0.6016420457010135,0.7287234042553192
40,73,1.0,1.0,1.0,1.0,1.0,1.0
41,264,0.9554455,0.625,0.45454547,0.9219419324131366,0.4488673416900615,0.7514695830485304
41,420,0.92517006,0.6086956,0.875,0.9794847328244275,0.8812083981147207,0.8374057315233786
41,443,0.93430656,0.6666667,0.36363637,0.9321789321789322,0.5689268735755018,0.7177843900205997
41,458,0.9140625,0.6923077,0.5625,0.8973214285714286,0.6660810671738121,0.786115752696339
41,338,0.936,0.53846157,0.7777778,0.946360153256705,0.5953140704366194,0.8006379585326954
41,252,0.8796296,0.5,0.46153846,0.7975708502024291,0.5215674048983194,0.7059685863874345
41,122,0.9622642,0.72727275,0.8888889,0.993127147766323,0.9363892280558948,0.8895833333333334
41,300,0.91346157,0.25,0.14285715,0.7290132547864506,0.2749969533350261,0.5680664513151823
41,188,0.92156863,0.6666667,0.4,0.8989130434782608,0.5969540105951396,0.7287234042553192
41,73,1.0,1.0,1.0,1.0,1.0,1.0
42,264,0.9554455,0.625,0.45454547,0.9262256068538791,0.477102794710876,0.7514695830485304
42,420,0.93877554,0.6666667,0.875,0.9794847328244274,0.8559529966113751,0.8608686507519192
42,443,0.9270073,0.5714286,0.36363637,0.9256854256854257,0.5869214972490373,0.7026909722222222
42,458,0.9140625,0.72727275,0.5,0.8939732142857143,0.7090125486051714,0.772278829047388
42,338,0.944,0.5833333,0.7777778,0.9655172413793103,0.6471164021164022,0.8180494905385736
42,252,0.8796296,nan,0.0,0.7651821862348179,0.466598692783737,0.46798029556650245
42,122,0.9622642,0.72727275,0.8888889,0.9908361970217641,0.914696106362773,0.8895833333333334
42,300,0.91346157,0.25,0.14285715,0.7172312223858616,0.27892762659605785,0.5680664513151823
42,188,0.9313725,0.8,0.4,0.9032608695652173,0.6189092938453543,0.7481481481481481
42,73,1.0,1.0,1.0,1.0,1.0,1.0
43,264,0.95049506,0.5555556,0.45454547,0.9176582579723941,0.5360131372834976,0.7369791666666667
43,420,0.9455782,0.6818182,0.9375,0.9823473282442748,0.8797536099343641,0.8791118421052632
43,443,0.93430656,0.625,0.45454547,0.9235209235209236,0.563703652763788,0.7455108359133127
43,458,0.8984375,0.6363636,0.4375,0.8833705357142858,0.6869854848982091,0.7308749797832768
43,338,0.944,0.5833333,0.7777778,0.9415708812260536,0.6253285868977358,0.8180494905385736
43,252,0.8888889,0.54545456,0.46153846,0.8129554655870446,0.5065342398037808,0.71875
43,122,0.9622642,0.72727275,0.8888889,0.993127147766323,0.9409306742640078,0.8895833333333334
43,300,0.91346157,0.25,0.14285715,0.7290132547864506,0.2820074003406552,0.5680664513151823
43,188,0.9313725,0.8,0.4,0.9043478260869564,0.6154922904356507,0.7481481481481481
43,73,1.0,1.0,1.0,1.0,1.0,1.0
44,264,0.95049506,0.5555556,0.45454547,0.9267015706806283,0.5459839693203408,0.7369791666666667
44,420,0.93877554,0.68421054,0.8125,0.9775763358778625,0.8484828695882128,0.854054054054054
44,443,0.93430656,0.6666667,0.36363637,0.9227994227994227,0.5710180167011286,0.7177843900205997
44,458,0.8984375,0.6666667,0.375,0.8772321428571429,0.6783819664900828,0.7118614718614719
44,338,0.936,0.54545456,0.6666667,0.921455938697318,0.49947963710218607,0.7826086956521738
44,252,0.8518519,0.3846154,0.3846154,0.7789473684210526,0.4894566354783613,0.6502024291497975
44,122,0.9622642,0.72727275,0.8888889,0.9873997709049256,0.9030693843193842,0.8895833333333334
44,300,0.8942308,0.16666667,0.14285715,0.7069219440353461,0.2642810010459188,0.5487179487179488
44,188,0.9313725,0.8,0.4,0.8999999999999999,0.5996406945737441,0.7481481481481481
44,73,1.0,1.0,1.0,1.0,1.0,1.0
45,264,0.95049506,0.5555556,0.45454547,0.9195621132793907,0.5183776950526955,0.7369791666666667
45,420,0.93877554,0.6666667,0.875,0.9809160305343512,0.8749460687647295,0.8608686507519192
45,443,0.9270073,0.5714286,0.36363637,0.9090909090909091,0.548227138985829,0.7026909722222222
45,458,0.8984375,0.6363636,0.4375,0.8800223214285714,0.6884370035848801,0.7308749797832768
45,338,0.936,0.53846157,0.7777778,0.946360153256705,0.6142756934423601,0.8006379585326954
45,252,0.8425926,0.375,0.46153846,0.7716599190283402,0.42662074142234263,0.6614420062695925
45,122,0.9433962,0.6363636,0.7777778,0.9873997709049255,0.8938361021694357,0.834375
45,300,0.8942308,0.16666667,0.14285715,0.7054491899852725,0.2658544189845474,0.5487179487179488
45,188,0.92156863,0.6666667,0.4,0.907608695652174,0.6290581624633348,0.7287234042553192
45,73,1.0,1.0,1.0,1.0,1.0,1.0
46,264,0.9554455,0.625,0.45454547,0.9214659685863874,0.5573140801322813,0.7514695830485304
46,420,0.93877554,0.68421054,0.8125,0.9799618320610687,0.8454177016277926,0.854054054054054
46,443,0.94160587,0.71428573,0.45454547,0.9206349206349207,0.5428152792164075,0.7621527777777778
46,458,0.921875,0.75,0.5625,0.8722098214285714,0.6868649201856044,0.7994987468671679
46,338,0.928,0.5,0.7777778,0.9415708812260537,0.5706159986861741,0.784524037540701
46,252,0.8611111,0.41666666,0.3846154,0.822672064777328,0.4087665643436171,0.6607329842931937
46,122,0.9528302,0.6666667,0.8888889,0.9873997709049256,0.8822365905699239,0.8678633757167789
46,300,0.88461536,0.14285715,0.14285715,0.6921944035346097,0.2574088254309527,0.540500736377025
46,188,0.9313725,0.8,0.4,0.9032608695652173,0.6230450371129884,0.7481481481481481
46,73,1.0,1.0,1.0,1.0,1.0,1.0
47,264,0.95049506,0.5555556,0.45454547,0.9181342217991433,0.5062063853460445,0.7369791666666667
47,420,0.93877554,0.68421054,0.8125,0.9766221374045801,0.8496974134517983,0.854054054054054
47,443,0.94160587,0.71428573,0.45454547,0.9177489177489176,0.5227914623953183,0.7621527777777778
47,458,0.8984375,0.6666667,0.375,0.8677455357142857,0.6741463220381649,0.7118614718614719
47,338,0.936,0.54545456,0.6666667,0.9454022988505747,0.558376090832231,0.7826086956521738
47,252,0.8888889,0.5555556,0.3846154,0.8105263157894737,0.46927166147892063,0.6963448922211809
47,122,0.9433962,0.6363636,0.7777778,0.979381443298969,0.8551298279368456,0.834375
47,300,0.88461536,0.14285715,0.14285715,0.7187039764359352,0.2807358294819413,0.540500736377025
47,188,0.9313725,0.8,0.4,0.9184782608695652,0.6497275013064486,0.7481481481481481
47,73,1.0,1.0,1.0,1.0,1.0,1.0
48,264,0.9554455,0.625,0.45454547,0.9152784388386482,0.5576363953423655,0.7514695830485304
48,420,0.92517006,0.61904764,0.8125,0.9708969465648855,0.797581152596338,0.8299505731412347
48,443,0.91240877,0.44444445,0.36363637,0.9170274170274171,0.4783623444234678,0.6763779527559055
48,458,0.8984375,0.6363636,0.4375,0.8828125,0.6421645725206937,0.7308749797832768
48,338,0.928,0.5,0.6666667,0.9233716475095786,0.5067085692085691,0.7660636306924516
48,252,0.9074074,0.71428573,0.3846154,0.7546558704453441,0.5416642389204938,0.7244897959183674
48,122,0.9528302,0.6666667,0.8888889,0.979381443298969,0.82204043233455,0.8678633757167789
48,300,0.90384614,0.2,0.14285715,0.7187039764359352,0.28325724234273414,0.5578231292517007
48,188,0.9313725,0.8,0.4,0.916304347826087,0.6590516033214392,0.7481481481481481
48,73,1.0,1.0,1.0,1.0,1.0,1.0
49,264,0.94554454,0.5,0.45454547,0.9138505473584008,0.5222119649529339,0.7237349247793112
49,420,0.93877554,0.68421054,0.8125,0.9790076335877862,0.8533986535945708,0.854054054054054
49,443,0.93430656,0.6666667,0.36363637,0.9076479076479076,0.4900890815284291,0.7177843900205997
49,458,0.8984375,0.6666667,0.375,0.8699776785714285,0.6471951582962807,0.7118614718614719
49,338,0.936,0.53846157,0.7777778,0.9434865900383143,0.6412994794165745,0.8006379585326954
49,252,0.8703704,0.46666667,0.53846157,0.7902834008097166,0.4461046699299033,0.7127659574468085
49,122,0.9433962,0.6363636,0.7777778,0.9828178694158075,0.8721727074668251,0.834375
49,300,0.88461536,0.14285715,0.14285715,0.6627393225331369,0.2417322548559776,0.540500736377025
49,188,0.9313725,0.8,0.4,0.9076086956521738,0.6490648813506509,0.7481481481481481
49,73,1.0,1.0,1.0,1.0,1.0,1.0
50,264,0.9207921,0.30769232,0.36363637,0.9005235602094241,0.25606565814779003,0.6456140350877193
50,420,0.9189189,0.6315789,0.7058824,0.9348899865289626,0.7555482245533887,0.8102564102564103
50,443,0.95620435,0.85714287,0.54545456,0.9783549783549783,0.7394379719972606,0.8216145833333333
50,458,0.8992248,0.6363636,0.4375,0.8512168141592921,0.6813560549304182,0.7311207311207311
50,338,0.9126984,0.45454547,0.5,0.7620689655172413,0.43639910709402574,0.7142857142857142
50,252,0.8981481,0.5625,0.6923077,0.9433198380566802,0.683575381944947,0.7809330628803246
50,122,0.9811321,0.8888889,0.8888889,0.9725085910652921,0.875687222526303,0.9392898052691867
50,300,0.99038464,1.0,0.85714287,0.9307805596465389,0.8744883697713886,0.958974358974359
50,188,0.93203884,0.61538464,0.8,0.9430107526881721,0.7234571266636484,0.8287004038964124
50,73,0.9708738,0.0,0.0,0.8019801980198019,0.046416788856304986,0.49261083743842365
